{
  "fill" : {
    "automatic-gradient" : "extended-srgb:0.00000,0.53333,1.00000,1.00000"
  },
  "groups" : [
    {
      "layers" : [
        {
          "image-name" : "49806cd6892121e87660902bd06ed982_muCommander.png",
          "name" : "some-muCommander-image"
        }
      ],
      "shadow" : {
        "kind" : "neutral",
        "opacity" : 0.5
      },
      "translucency" : {
        "enabled" : true,
        "value" : 0.5
      }
    },
    {
      "hidden" : false,
      "layers" : [
        {
          "image-name" : "gradient-blue-abstract-background-smooth-dark-blue-with-black-vignette-studio.jpg",
          "name" : "dark-blue-grd",
          "opacity-specializations" : [
            {
              "value" : 0
            },
            {
              "appearance" : "dark",
              "value" : 1
            }
          ]
        }
      ],
      "shadow" : {
        "kind" : "neutral",
        "opacity" : 0.5
      },
      "translucency" : {
        "enabled" : true,
        "value" : 0.5
      }
    },
    {
      "hidden" : false,
      "layers" : [
        {
          "image-name" : "Screenshot 2025-09-19 at 12.10.39.png",
          "name" : "white-grd"
        }
      ],
      "shadow" : {
        "kind" : "neutral",
        "opacity" : 0.5
      },
      "translucency" : {
        "enabled" : true,
        "value" : 0.5
      }
    }
  ],
  "supported-platforms" : {
    "circles" : [
      "watchOS"
    ],
    "squares" : "shared"
  }
}